timestamp,mood
2025-11-01 09:12:45,Happy
2025-11-02 14:25:10,Sad
2025-11-03 18:55:02,Relaxed
2025-11-04 22:44:18,Anxious
2025-11-05 16:31:55,Happy
2025-11-06 21:15:38,Tired
2025-11-07 11:42:05,Relaxed
2025-11-08 19:20:40,Happy
2025-11-09 22:41:10,Anxious
2025-11-10 07:51:21,Angry
2025-11-11 14:20:55,Happy
2025-11-12 23:42:18,Sad
2025-11-13 17:28:47,Relaxed
2025-11-14 21:10:39,Anxious
2025-11-15 08:57:06,Happy
2025-11-16 20:32:44,Sad
2025-11-17 18:06:23,Relaxed
2025-11-18 22:19:15,Sad
2025-11-19 10:12:14,Relaxed
2025-11-20 21:51:33,Happy
2025-11-21 09:47:52,Sad
2025-11-22 18:03:25,Happy
2025-11-23 23:59:14,Angry
2025-11-24 16:19:58,Relaxed
2025-11-25 19:22:03,Anxious
2025-11-26 08:50:19,Happy
2025-11-27 22:32:08,Sad
2025-11-28 15:24:37,Relaxed
2025-11-29 21:16:44,Sad
2025-11-30 12:05:13,Relaxed
2025-12-01 20:44:29,Happy
2025-12-02 19:28:33,Angry
2025-12-03 13:12:26,Happy
2025-12-04 21:42:18,Anxious
2025-12-05 14:09:51,Happy
2025-12-06 22:55:48,Sad
2025-12-07 09:41:06,Relaxed
2025-12-08 20:29:57,Sad
2025-12-09 11:54:30,Happy
